{
  "orthogonality_defect": [
    2.010584978506813e-07,
    2.6264316943525046e-07
  ],
  "relativity_defect": [
    [
      1.916594385420467e-07,
      1.8238762322653201e-07,
      1.8252279687658302e-07,
      2.0741218520470284e-07
    ],
    [
      2.6693280119616247e-07,
      2.8682836727966787e-07,
      2.83562087588507e-07,
      2.9579197757811926e-07
    ]
  ],
  "reversibility_defect": [
    [
      0.0,
      4.714008383643886e-08,
      4.715380086395271e-08,
      6.667366392321128e-08
    ],
    [
      0.0,
      4.7134562919382006e-08,
      6.66503652269057e-08,
      8.942180329540861e-08
    ]
  ],
  "commutator_defect": [
    [
      4.9157865333882e-08
    ],
    [
      1.3077129779048846e-07
    ]
  ],
  "block_mixing_energy": [
    [
      [
        1.9993785619735718,
        0.00029381251079030335,
        0.00017751210543792695,
        0.00015032048395369202
      ],
      [
        0.0002907573652919382,
        1.999051570892334,
        0.0003745914145838469,
        0.00028304089209996164
      ],
      [
        0.00018007689504884183,
        0.00037713017081841826,
        1.9992791414260864,
        0.00016383372712880373
      ],
      [
        0.00015080990851856768,
        0.0002774478925857693,
        0.0001689369382802397,
        1.9994025230407715
      ]
    ],
    [
      [
        1.9997106790542603,
        4.635511868400499e-05,
        0.0001270245702471584,
        0.00011592284863581881
      ],
      [
        4.612651900970377e-05,
        1.9997518062591553,
        9.529927046969533e-05,
        0.00010697825200622901
      ],
      [
        0.0001276699040317908,
        9.55208670347929e-05,
        1.9996341466903687,
        0.00014230232045520097
      ],
      [
        0.00011550254566827789,
        0.00010652605124050751,
        0.00014317345630843192,
        1.9996347427368164
      ]
    ]
  ],
  "reflector_utilization": {
    "raw_norms": [
      [
        2.426462173461914,
        2.432037353515625,
        2.0043561458587646,
        2.0008654594421387
      ],
      [
        3.042491912841797,
        3.0442957878112793,
        2.899693727493286,
        2.9104278087615967
      ]
    ],
    "pair_cosine_similarity": [
      [
        0.9999569058418274,
        0.9998650550842285
      ],
      [
        0.9999321699142456,
        0.9999693632125854
      ]
    ],
    "gradient_norms": [
      [
        0.028726166114211082,
        0.028370168060064316,
        0.06117606908082962,
        0.06139038875699043
      ],
      [
        0.04351084679365158,
        0.04345643147826195,
        0.0262310728430748,
        0.0261808093637228
      ]
    ],
    "identity_deviation": [
      0.020215297117829323,
      0.014950704760849476
    ],
    "orthogonality_defect": [
      2.010584978506813e-07,
      2.6264316943525046e-07
    ]
  },
  "attention_logit_path_error": [
    [
      4.491212166612968e-07,
      2.7905031174668693e-07
    ],
    [
      3.002685957653739e-07,
      4.991891273675719e-07
    ]
  ],
  "loss_history": [
    1.4023840427398682,
    1.4022413492202759,
    1.4020986557006836
  ]
}