{
  "orthogonality_defect": [
    9.536658000844385e-08,
    2.40048963082877e-07
  ],
  "relativity_defect": [
    [
      1.0868012928603398e-07,
      1.135158465509891e-07,
      1.1860442376697574e-07,
      1.2258504021360955e-07
    ],
    [
      2.5027113612758897e-07,
      2.5164237677833814e-07,
      2.556469091418083e-07,
      2.5699013556951117e-07
    ]
  ],
  "reversibility_defect": [
    [
      7.129684040088167e-10,
      4.714333248519362e-08,
      4.2168637468365557e-08,
      7.30384040243718e-08
    ],
    [
      4.167453512585023e-10,
      6.328248770785869e-08,
      5.163856751771308e-08,
      8.433371061506453e-08
    ]
  ],
  "commutator_defect": [
    [
      1.1867813344797264e-07
    ],
    [
      2.2107873335824303e-07
    ]
  ],
  "block_mixing_energy": [
    [
      [
        1.9991070258578099,
        8.409779844505227e-05,
        0.0006762891933359549,
        0.0001326587946537533
      ],
      [
        8.951082918552763e-05,
        1.9996911544673415,
        0.00011821321115771375,
        0.00010110645095357668
      ],
      [
        0.0006771428031593085,
        0.00012368915423627822,
        1.9989004136894026,
        0.0002989134238014556
      ],
      [
        0.00012638912219837053,
        0.00010104467035983859,
        0.00030524781147368856,
        1.9994672852086468
      ]
    ],
    [
      [
        1.9996009349588677,
        0.00029213921720835657,
        7.033173049753495e-05,
        3.691190799026212e-05
      ],
      [
        0.0002906762726060742,
        1.9987894075829962,
        0.0007492351659348404,
        0.0001708518828963199
      ],
      [
        7.272396814286167e-05,
        0.000735624524196295,
        1.998890545058834,
        0.0003012886831388929
      ],
      [
        3.598360548613677e-05,
        0.0001829988513075533,
        0.0002900797966651769,
        1.999491052259771
      ]
    ]
  ],
  "reflector_utilization": {
    "raw_norms": [
      [
        2.9393513202667236,
        2.932522773742676,
        2.1830904483795166,
        2.1885721683502197
      ],
      [
        3.4608426094055176,
        3.4619288444519043,
        2.65071964263916,
        2.6413848400115967
      ]
    ],
    "pair_cosine_similarity": [
      [
        0.9999650716781616,
        0.999861478805542
      ],
      [
        0.999967098236084,
        0.9998010396957397
      ]
    ],
    "gradient_norms": [
      [
        0.00968675035983324,
        0.00969321746379137,
        0.011941899545490742,
        0.011715239845216274
      ],
      [
        0.006569214165210724,
        0.006572471931576729,
        0.005017225630581379,
        0.005020407494157553
      ]
    ],
    "identity_deviation": [
      0.018894312062894148,
      0.02079627797658166
    ],
    "orthogonality_defect": [
      9.536658000844385e-08,
      2.40048963082877e-07
    ]
  },
  "attention_logit_path_error": [
    [
      2.6039766413076767e-07,
      5.019606559057944e-07
    ],
    [
      3.396268747448883e-07,
      4.482536024872894e-07
    ]
  ],
  "loss_history": [
    1.206526756286621,
    1.195887804031372,
    1.1855789422988892
  ]
}